Location,species,d13C,d15N
celtic sea,Scomber scombrus,-18.6,12.55
celtic sea,Scomber scombrus,-19.88,11.38
celtic sea,Scomber scombrus,-20.16,11.08
celtic sea,Scomber scombrus,-20.49,10.98
celtic sea,Scomber scombrus,-19.94,11.7
celtic sea,Scomber scombrus,-21.57,10.56
celtic sea,Scomber scombrus,-20.01,11.67
celtic sea,Scomber scombrus,-20.81,12.84
celtic sea,Scomber scombrus,-19.95,12.59
celtic sea,Scomber scombrus,-20.16,12.81
celtic sea,Scomber scombrus,-21.55,13.06
celtic sea,Scomber scombrus,-20.78,14.01
celtic sea,Scomber scombrus,-19.87,11.49
celtic sea,Scomber scombrus,-20.75,10.99
celtic sea,Scomber scombrus,-19.99,10.77
celtic sea,Scomber scombrus,-20,11.9
celtic sea,Scomber scombrus,-18.79,11.89
celtic sea,Scomber scombrus,-19.79,11.03
celtic sea,Scomber scombrus,-20.47,12.21
celtic sea,Scomber scombrus,-21.74,11.43
celtic sea,Scomber scombrus,-19.78,11.69
celtic sea,Scomber scombrus,-19.82,11.68
celtic sea,Scomber scombrus,-21.01,10.22
celtic sea,Scomber scombrus,-20.66,9.56
celtic sea,Scomber scombrus,-18.63,11.5
celtic sea,Scomber scombrus,-19.64,12.84
celtic sea,Scomber scombrus,-19.03,14.85
celtic sea,Scomber scombrus,-19.81,12.45
celtic sea,Scomber scombrus,-21.29,10.26
celtic sea,Scomber scombrus,-22.56,9.01
celtic sea,Scomber scombrus,-22.4,8.26
celtic sea,Scomber scombrus,-20,13.63
celtic sea,Scomber scombrus,-19.55,13.4
celtic sea,Scomber scombrus,-20.73,12.68
celtic sea,Scomber scombrus,-20.25,13.21
celtic sea,Scomber scombrus,-19.29,15.61
celtic sea,Scomber scombrus,-21.15,12.21
celtic sea,Scomber scombrus,-21.37,12.89
celtic sea,Clupea harengus,-20.06,12.24
celtic sea,Clupea harengus,-19.51,12.19
celtic sea,Clupea harengus,-20.22,12.08
celtic sea,Clupea harengus,-18.18,13.79
celtic sea,Clupea harengus,-18.84,12.96
celtic sea,Clupea harengus,-17.86,13.81
celtic sea,Clupea harengus,-18.57,12.88
celtic sea,Clupea harengus,-18.64,12.97
celtic sea,Clupea harengus,-18.99,12.42
celtic sea,Clupea harengus,-18.67,14.19
celtic sea,Clupea harengus,-18.43,13.77
celtic sea,Clupea harengus,-19.21,12.73
celtic sea,Clupea harengus,-19.45,12.88
celtic sea,Clupea harengus,-18.33,14.53
celtic sea,Clupea harengus,-17.85,13.44
celtic sea,Clupea harengus,-19.78,12.85
celtic sea,Clupea harengus,-19.52,13.16
celtic sea,Clupea harengus,-20.47,12.08
celtic sea,Clupea harengus,-19.16,9.61
celtic sea,Clupea harengus,-17.85,12.37
celtic sea,Clupea harengus,-20.47,11.99
celtic sea,Clupea harengus,-20.11,11.86
celtic sea,Clupea harengus,-20.04,12.01
celtic sea,Clupea harengus,-20.8,11.97
celtic sea,Clupea harengus,-19.5,11.96
north sea,Scomber scombrus,-18.59,6.89
north sea,Scomber scombrus,-19.27,7.96
north sea,Scomber scombrus,-19.88,10.64
north sea,Scomber scombrus,-19.98,6.91
north sea,Scomber scombrus,-20.08,7.05
north sea,Scomber scombrus,-19.76,9.36
north sea,Scomber scombrus,-20.48,9.51
north sea,Scomber scombrus,-21.57,9.37
north sea,Scomber scombrus,-21.33,5.77
north sea,Scomber scombrus,-19.06,10.64
north sea,Scomber scombrus,-22.03,10.28
north sea,Scomber scombrus,-19.89,9.42
north sea,Scomber scombrus,-21.04,11.43
north sea,Scomber scombrus,-20.53,11.2
north sea,Scomber scombrus,-20.07,10.94
north sea,Scomber scombrus,-20.99,9.31
north sea,Scomber scombrus,-21.94,9.73
north sea,Scomber scombrus,-23.87,10.17
north sea,Scomber scombrus,-21.07,10.14
north sea,Scomber scombrus,-21.69,9.7
north sea,Scomber scombrus,-23.07,11.26
north sea,Scomber scombrus,-22.18,10.32
north sea,Scomber scombrus,-22.11,10.36
north sea,Scomber scombrus,-22.36,10.26
north sea,Scomber scombrus,-18.31,11.67
north sea,Scomber scombrus,-19.8,11.3
north sea,Scomber scombrus,-20.24,11.28
north sea,Scomber scombrus,-21.49,9.75
north sea,Scomber scombrus,-20.87,10.41
north sea,Scomber scombrus,-21.15,10.58
north sea,Scomber scombrus,-24.81,9.74
north sea,Scomber scombrus,-23.1,10.03
north sea,Scomber scombrus,-24.2,10.49
north sea,Scomber scombrus,-23.1,10.77
north sea,Scomber scombrus,-21.83,10.78
north sea,Scomber scombrus,-24.76,8.48
north sea,Scomber scombrus,-21.61,10.71
north sea,Scomber scombrus,-22.19,9.6
north sea,Scomber scombrus,-19.58,9.27
north sea,Scomber scombrus,-23.52,9.85
north sea,Scomber scombrus,-20.7,10.03
north sea,Scomber scombrus,-24.02,8.11
north sea,Scomber scombrus,-22.77,10.65
north sea,Scomber scombrus,-23.93,8.83
north sea,Scomber scombrus,-24.32,10.13
north sea,Scomber scombrus,-20.27,10.27
north sea,Scomber scombrus,-24.41,9.62
north sea,Scomber scombrus,-24.45,10.04
north sea,Scomber scombrus,-23.8,9.72
north sea,Scomber scombrus,-24.13,11.99
north sea,Scomber scombrus,-21.76,8.73
north sea,Scomber scombrus,-25.15,9.11
north sea,Scomber scombrus,-24.41,8.85
north sea,Scomber scombrus,-25.05,9.5
north sea,Scomber scombrus,-24.48,10.66
north sea,Scomber scombrus,-20.86,10.81
north sea,Scomber scombrus,-22.71,8.7
north sea,Scomber scombrus,-25.68,10.49
north sea,Scomber scombrus,-19.06,9.85
north sea,Scomber scombrus,-23.44,9.45
north sea,Scomber scombrus,-21.24,13.02
north sea,Scomber scombrus,-26.49,8.95
north sea,Scomber scombrus,-25.36,9.96
north sea,Scomber scombrus,-23.08,11.59
north sea,Scomber scombrus,-22.9,10.67
north sea,Scomber scombrus,-23.43,11.43
north sea,Scomber scombrus,-18.15,11.96
north sea,Scomber scombrus,-26.31,9.46
north sea,Scomber scombrus,-24.36,9.62
north sea,Scomber scombrus,-22.89,11.63
north sea,Scomber scombrus,-22.61,12.11
north sea,Scomber scombrus,-19.69,10.23
north sea,Scomber scombrus,-21.1,11.36
north sea,Scomber scombrus,-25.23,10.47
north sea,Scomber scombrus,-25.23,9.08
north sea,Scomber scombrus,-19.32,9.33
north sea,Scomber scombrus,-23.55,9.04
north sea,Scomber scombrus,-25.04,9.99
north sea,Scomber scombrus,-26.59,9.66
north sea,Scomber scombrus,-24.75,9.67
north sea,Scomber scombrus,-21.83,8.72
north sea,Scomber scombrus,-18.88,11.38
north sea,Scomber scombrus,-20.76,11.92
north sea,Scomber scombrus,-23.84,10.17
north sea,Scomber scombrus,-21.14,9.06
north sea,Scomber scombrus,-20.38,9.78
north sea,Scomber scombrus,-20.14,11.54
north sea,Scomber scombrus,-14.71,11.4
north sea,Scomber scombrus,-26.26,8.84
north sea,Scomber scombrus,-26.43,8.71
north sea,Scomber scombrus,-21.6,11.84
north sea,Scomber scombrus,-23.55,8.63
north sea,Scomber scombrus,-19.98,10.33
north sea,Scomber scombrus,-23.4,8.85
north sea,Scomber scombrus,-25.32,8.35
north sea,Scomber scombrus,-20.11,10
north sea,Scomber scombrus,-25.27,9.88
north sea,Scomber scombrus,-21.81,10.78
north sea,Scomber scombrus,-25.6,9.29
north sea,Scomber scombrus,-23.42,9.09
north sea,Scomber scombrus,-23.69,10.04
north sea,Scomber scombrus,-21.54,11.64
north sea,Scomber scombrus,-23.38,11.08
north sea,Scomber scombrus,-23.09,11.35
north sea,Scomber scombrus,-24.45,7.04
north sea,Scomber scombrus,-24.77,9.11
north sea,Scomber scombrus,-25.47,9.6
north sea,Scomber scombrus,-24.35,7.75
north sea,Scomber scombrus,-24.14,8.54
north sea,Scomber scombrus,-24.25,9.28
north sea,Scomber scombrus,-23.78,7.58
north sea,Scomber scombrus,-26.97,6.78
north sea,Scomber scombrus,-24.57,8.79
north sea,Clupea harengus,-19.57,11.49
north sea,Clupea harengus,-18.25,12.63
north sea,Clupea harengus,-18.84,12.97
north sea,Clupea harengus,-21.46,12.03
north sea,Clupea harengus,-19.12,11.5
north sea,Clupea harengus,-17.9,12.05
north sea,Clupea harengus,-20.37,12.12
north sea,Clupea harengus,-18.76,11.78
north sea,Clupea harengus,-18.73,11.61
north sea,Clupea harengus,-18.67,12.1
north sea,Clupea harengus,-19.74,11.84
north sea,Clupea harengus,-19.13,11.93
north sea,Clupea harengus,-20.49,11.23
north sea,Clupea harengus,-22.77,11.64
north sea,Clupea harengus,-19.77,9.85
north sea,Clupea harengus,-20.35,11.17
north sea,Clupea harengus,-21.31,13.29
north sea,Clupea harengus,-19.59,11.93
north sea,Clupea harengus,-20.48,12.16
north sea,Clupea harengus,-19.06,12.16
north sea,Clupea harengus,-19.53,11.05
north sea,Clupea harengus,-18.25,11.92
north sea,Clupea harengus,-20.71,11.54
north sea,Clupea harengus,-21.57,11.86
north sea,Clupea harengus,-20.11,10.05
north sea,Clupea harengus,-20.6,12.94
north sea,Clupea harengus,-19.39,10.22
north sea,Clupea harengus,-20.21,11.8
north sea,Clupea harengus,-20.05,11.43
north sea,Clupea harengus,-21.92,12.45
north sea,Clupea harengus,-20.01,10.14
north sea,Clupea harengus,-21.61,11.31
north sea,Clupea harengus,-22.02,10.92
north sea,Clupea harengus,-20.61,11.06
north sea,Clupea harengus,-20.73,10.42
north sea,Clupea harengus,-20.02,9.23
north sea,Clupea harengus,-19.86,11.65
north sea,Clupea harengus,-22.06,10.69
north sea,Clupea harengus,-19.31,9.92
north sea,Clupea harengus,-22.3,11.86
north sea,Clupea harengus,-19.39,10.27
north sea,Clupea harengus,-19.64,10.44
north sea,Clupea harengus,-20.55,10.62
north sea,Clupea harengus,-22.37,9.96
north sea,Clupea harengus,-19.65,11.18
north sea,Clupea harengus,-21.19,11.84
north sea,Clupea harengus,-20.28,10.48
north sea,Clupea harengus,-20.23,10.16
north sea,Clupea harengus,-20.62,11.39
north sea,Clupea harengus,-19.38,9.65
north sea,Clupea harengus,-20.27,10.91
north sea,Clupea harengus,-19.98,10.4
north sea,Clupea harengus,-22.29,10.96
north sea,Clupea harengus,-21.38,10
north sea,Clupea harengus,-20.78,8.5
north sea,Clupea harengus,-20.45,8.87
north sea,Clupea harengus,-20,11.27
north sea,Clupea harengus,-21.09,10.56
north sea,Clupea harengus,-21.2,8.7
north sea,Clupea harengus,-20.17,9.67
north sea,Clupea harengus,-22.1,11.12
north sea,Clupea harengus,-19.37,9.12
north sea,Clupea harengus,-21.02,9.28
north sea,Clupea harengus,-20.62,9.88
north sea,Clupea harengus,-20.63,10.87
north sea,Clupea harengus,-22.75,9.83
north sea,Clupea harengus,-22.13,9.78
north sea,Clupea harengus,-22.38,9.86
north sea,Clupea harengus,-18.83,9.34
north sea,Clupea harengus,-21.1,11.13
north sea,Clupea harengus,-21.68,8.66
north sea,Clupea harengus,-21.74,8.64
north sea,Clupea harengus,-21.39,11.24
north sea,Clupea harengus,-22.17,9.07
north sea,Clupea harengus,-21.26,9.18
north sea,Clupea harengus,-22.09,8.65
north sea,Clupea harengus,-21.34,9.95
north sea,Clupea harengus,-20.68,9.46
north sea,Clupea harengus,-22.87,9.34
north sea,Clupea harengus,-22.23,9.19
north sea,Clupea harengus,-21.78,9.1
north sea,Clupea harengus,-21.84,8.71
north sea,Clupea harengus,-22.75,8.17
north sea,Clupea harengus,-22.41,8.9
north sea,Clupea harengus,-23.06,7.87
north sea,Clupea harengus,-20.7,8.84
north sea,Clupea harengus,-22.62,8.9
north sea,Clupea harengus,-22.36,10.94
north sea,Clupea harengus,-23.37,10.35
north sea,Clupea harengus,-22.08,10.36
north sea,Clupea harengus,-22.42,10.3
north sea,Clupea harengus,-21.3,9.59
north sea,Clupea harengus,-22.4,9.15
north sea,Clupea harengus,-22.62,10.07
north sea,Clupea harengus,-20.3,10.15
north sea,Clupea harengus,-20.73,8.81
north sea,Clupea harengus,-22.14,10.54
north sea,Clupea harengus,-21.92,10.76
north sea,Clupea harengus,-23.4,9.19
north sea,Clupea harengus,-22.74,8.37
north sea,Clupea harengus,-22.13,8.59
north sea,Clupea harengus,-22.43,9.1
north sea,Clupea harengus,-22.86,9.02
north sea,Clupea harengus,-23.13,7.36
north sea,Clupea harengus,-21.83,10.12
north sea,Clupea harengus,-23.32,8.32
north sea,Clupea harengus,-21.84,7.89
north sea,Clupea harengus,-20.8,9.76
north sea,Clupea harengus,-23.73,8.98
north sea,Clupea harengus,-21.73,8.77
north sea,Clupea harengus,-24.01,9.55
north sea,Clupea harengus,-24.48,8.71
north sea,Clupea harengus,-22.04,7.7
north sea,Clupea harengus,-23.75,8.99
north sea,Clupea harengus,-21.51,10.24
north sea,Clupea harengus,-24.94,7.96
north sea,Clupea harengus,-21.79,8.5
north sea,Clupea harengus,-23.11,7.9
north sea,Clupea harengus,-22.92,10.37
north sea,Clupea harengus,-23.23,8.86
north sea,Clupea harengus,-23.8,8.9
north sea,Clupea harengus,-24.31,7.99
north sea,Clupea harengus,-22.45,11.64
north sea,Clupea harengus,-24.91,8.28
irish sea,Scomber scombrus,-18.61,11.99
irish sea,Scomber scombrus,-19.07,14.38
irish sea,Scomber scombrus,-17.82,14.61
irish sea,Clupea harengus,-19.9,13.27
irish sea,Clupea harengus,-19.72,13.44
irish sea,Clupea harengus,-20.11,13.89
irish sea,Clupea harengus,-18.97,14.45
irish sea,Clupea harengus,-18.71,13.51
irish sea,Clupea harengus,-18.72,12.78
irish sea,Clupea harengus,-18.63,14.29
irish sea,Clupea harengus,-18.25,11.92
irish sea,Clupea harengus,-17.93,12.03
irish sea,Clupea harengus,-18.31,12.22
irish sea,Clupea harengus,-18.79,11.45
irish sea,Clupea harengus,-18.32,10.87
irish sea,Trachurus trachurus,-18.25,16.3
irish sea,Trachurus trachurus,-18.15,14.78
norwegian sea,scomber scomborous,-19.74,9.06
norwegian sea,scomber scomborous,-19.35725335,8.932053184
norwegian sea,scomber scomborous,-19.61415762,9.051495747
norwegian sea,scomber scomborous,-18.91092514,9.097403513
norwegian sea,scomber scomborous,-19.80740215,8.975784836
norwegian sea,scomber scomborous,-19.41391763,9.017622383
norwegian sea,scomber scomborous,-19.73919698,8.985099161
norwegian sea,scomber scomborous,-20.08957759,9.045772761
norwegian sea,scomber scomborous,-19.46908112,9.047566184
norwegian sea,scomber scomborous,-19.1345418,9.138159923
norwegian sea,scomber scomborous,-19.58655782,9.167706721
norwegian sea,scomber scomborous,-20.06117216,9.053933092
norwegian sea,scomber scomborous,-19.4688783,9.102956758
norwegian sea,scomber scomborous,-19.92262078,9.163414102
norwegian sea,scomber scomborous,-19.62563533,9.031318494
norwegian sea,scomber scomborous,-19.9694785,8.993069996
norwegian sea,scomber scomborous,-20.40683767,9.05475312
norwegian sea,scomber scomborous,-18.54987171,9.084393508
norwegian sea,scomber scomborous,-20.07893863,9.026850953
norwegian sea,scomber scomborous,-20.14446909,9.13441392
norwegian sea,scomber scomborous,-19.34428532,9.00283666
norwegian sea,scomber scomborous,-19.7975605,9.062869942
norwegian sea,scomber scomborous,-19.26168055,9.030641047
norwegian sea,scomber scomborous,-19.80466234,9.076223735
norwegian sea,scomber scomborous,-19.28821858,9.095999429
norwegian sea,scomber scomborous,-19.73171815,9.03429515
norwegian sea,scomber scomborous,-19.1434631,9.052146945
norwegian sea,scomber scomborous,-19.92173791,9.069431562
norwegian sea,scomber scomborous,-19.32663134,9.121564342
norwegian sea,scomber scomborous,-20.39960119,8.981487143
norwegian sea,scomber scomborous,-19.15013069,9.134628948
norwegian sea,scomber scomborous,-18.91931565,8.90859748
norwegian sea,scomber scomborous,-20.04799876,9.056946652
norwegian sea,scomber scomborous,-19.32296008,8.902762131
norwegian sea,scomber scomborous,-19.23259529,9.127112319
norwegian sea,scomber scomborous,-20.04414894,9.156248279
norwegian sea,scomber scomborous,-18.92435613,9.129247703
norwegian sea,scomber scomborous,-20.24187136,8.958252848
norwegian sea,scomber scomborous,-20.08071045,9.085274872
norwegian sea,scomber scomborous,-20.33610584,9.191034785
norwegian sea,scomber scomborous,-19.96870794,8.987286797
norwegian sea,scomber scomborous,-19.6622557,9.058539324
norwegian sea,scomber scomborous,-19.94022978,8.901590585
norwegian sea,scomber scomborous,-19.99441774,9.066978167
norwegian sea,scomber scomborous,-20.10980514,9.172099909
norwegian sea,scomber scomborous,-19.64220076,9.07504906
norwegian sea,scomber scomborous,-20.193662,9.037938798
norwegian sea,scomber scomborous,-19.09900333,8.926867957
norwegian sea,scomber scomborous,-19.47611856,9.257334371
norwegian sea,scomber scomborous,-20.08415822,8.981039639
norwegian sea,scomber scomborous,-20.01371098,9.13283227
norwegian sea,scomber scomborous,-20.46512629,9.16771527
norwegian sea,scomber scomborous,-19.62945262,8.95844107
norwegian sea,scomber scomborous,-19.74897045,9.218626745
norwegian sea,scomber scomborous,-19.84339691,9.213599743
norwegian sea,scomber scomborous,-19.51800288,9.024387217
norwegian sea,scomber scomborous,-19.91130401,9.251096338
norwegian sea,scomber scomborous,-19.86132682,9.0535225
norwegian sea,scomber scomborous,-19.47387776,9.069715968
norwegian sea,scomber scomborous,-20.29701514,8.989112696
norwegian sea,scomber scomborous,-19.45309743,8.994227834
norwegian sea,scomber scomborous,-19.07076628,9.005656522
norwegian sea,scomber scomborous,-19.61977817,9.031036074
norwegian sea,scomber scomborous,-19.2332286,9.045494564
norwegian sea,scomber scomborous,-18.82960819,9.153359146
norwegian sea,scomber scomborous,-19.98075019,9.175967894
norwegian sea,scomber scomborous,-19.89343108,8.987360241
norwegian sea,scomber scomborous,-19.6046533,9.172816603
norwegian sea,scomber scomborous,-20.05188047,8.972097576
norwegian sea,scomber scomborous,-19.69631427,9.049150368
norwegian sea,scomber scomborous,-19.77792883,9.004348462
norwegian sea,scomber scomborous,-19.67541509,9.147740578
norwegian sea,scomber scomborous,-19.69484201,9.136064707
norwegian sea,scomber scomborous,-20.53490271,8.988462811
norwegian sea,scomber scomborous,-20.07831581,8.984911695
norwegian sea,scomber scomborous,-19.83255704,9.083776383
norwegian sea,scomber scomborous,-19.4832801,9.05861837
norwegian sea,scomber scomborous,-19.46703533,9.11828943
norwegian sea,scomber scomborous,-20.27299295,9.136737655
norwegian sea,scomber scomborous,-19.27411777,9.095442899
norwegian sea,scomber scomborous,-19.82474402,8.950739841
norwegian sea,scomber scomborous,-19.79862684,8.962365147
norwegian sea,scomber scomborous,-19.14943479,8.991364596
norwegian sea,scomber scomborous,-19.82707933,9.029468304
norwegian sea,scomber scomborous,-19.17690068,9.086717632
norwegian sea,scomber scomborous,-19.89787636,9.065926725
norwegian sea,scomber scomborous,-20.25285767,9.032966753
norwegian sea,scomber scomborous,-20.64198477,8.981504623
norwegian sea,scomber scomborous,-19.38037058,9.112375062
norwegian sea,scomber scomborous,-19.17321232,8.96436246
norwegian sea,scomber scomborous,-19.54032534,9.183738596
norwegian sea,scomber scomborous,-20.12515294,9.171342728
norwegian sea,scomber scomborous,-19.77774152,9.091373705
norwegian sea,scomber scomborous,-19.42498761,9.080057383
norwegian sea,scomber scomborous,-19.36015278,9.025577467
norwegian sea,scomber scomborous,-19.61727127,9.125844875
norwegian sea,scomber scomborous,-19.78112722,9.137527743
norwegian sea,scomber scomborous,-19.77946485,9.01516601
norwegian sea,scomber scomborous,-19.15702062,9.001217871
barents sea,Gadus morhua,-20.18472343,15.04118008
barents sea,Gadus morhua,-20.41973104,14.79989117
barents sea,Gadus morhua,-20.08433783,15.38445525
barents sea,Gadus morhua,-19.99788309,14.68815826
barents sea,Gadus morhua,-19.9871837,15.0758535
barents sea,Gadus morhua,-20.15025894,14.83240568
barents sea,Gadus morhua,-20.22653923,14.86491274
barents sea,Gadus morhua,-20.15962838,14.82642263
barents sea,Gadus morhua,-20.02586356,15.19813668
barents sea,Gadus morhua,-20.20813889,14.83935723
barents sea,Gadus morhua,-20.20335173,15.82256102
barents sea,Gadus morhua,-19.98889031,14.95892325
barents sea,Gadus morhua,-20.26899874,15.04588688
barents sea,Gadus morhua,-20.15147835,14.98317274
barents sea,Gadus morhua,-20.29203061,14.47867932
barents sea,Gadus morhua,-20.25669162,14.66374785
barents sea,Gadus morhua,-20.36263858,15.20979362
barents sea,Gadus morhua,-19.81366155,14.39867016
barents sea,Gadus morhua,-20.05990134,15.04642046
barents sea,Gadus morhua,-20.0655635,14.52400571
barents sea,Gadus morhua,-19.94943409,14.63706559
barents sea,Gadus morhua,-20.0056517,14.71302669
barents sea,Gadus morhua,-19.95314559,14.47799492
barents sea,Gadus morhua,-20.50442683,14.8916326
barents sea,Gadus morhua,-19.90966401,15.12922995
barents sea,Gadus morhua,-19.93173977,14.28561157
barents sea,Gadus morhua,-20.43683329,15.16107433
barents sea,Gadus morhua,-20.12461158,14.8009808
barents sea,Gadus morhua,-20.42780477,14.57034103
barents sea,Gadus morhua,-19.93628535,14.90046009
barents sea,Gadus morhua,-20.10603359,14.83333035
barents sea,Gadus morhua,-19.9694334,14.91790074
barents sea,Gadus morhua,-20.35880496,14.47217095
barents sea,Gadus morhua,-20.03533969,14.55177836
barents sea,Gadus morhua,-20.10735114,14.0496542
barents sea,Gadus morhua,-19.9913792,14.63196234
barents sea,Gadus morhua,-19.96789024,14.75073306
barents sea,Gadus morhua,-20.16218616,14.9163885
barents sea,Gadus morhua,-20.05182526,14.76925327
barents sea,Gadus morhua,-20.14872396,14.32889046
barents sea,Gadus morhua,-20.22590434,15.17401276
barents sea,Gadus morhua,-20.19904811,15.17887106
barents sea,Gadus morhua,-20.04250971,15.23471862
barents sea,Gadus morhua,-20.33463646,14.96135308
barents sea,Gadus morhua,-20.29097482,14.68258504
barents sea,Gadus morhua,-19.8900603,15.15982991
barents sea,Gadus morhua,-20.02497406,14.62058707
barents sea,Gadus morhua,-20.1100416,14.3423075
barents sea,Gadus morhua,-20.26402791,15.09639149
barents sea,Gadus morhua,-20.01627268,15.02970557
icelandic sea,Gadus morhua,-16.33644356,12.88449594
icelandic sea,Gadus morhua,-17.54427095,13.07799498
icelandic sea,Gadus morhua,-16.73512603,12.78599621
icelandic sea,Gadus morhua,-16.8666802,12.68500191
icelandic sea,Gadus morhua,-16.86343335,12.99114298
icelandic sea,Gadus morhua,-17.04230184,12.80163694
icelandic sea,Gadus morhua,-16.34264504,12.90250051
icelandic sea,Gadus morhua,-16.80351588,12.81266551
icelandic sea,Gadus morhua,-16.85169933,12.88380388
icelandic sea,Gadus morhua,-16.29657224,12.96668704
icelandic sea,Gadus morhua,-16.645595,12.799741
icelandic sea,Gadus morhua,-17.83979909,12.88691901
icelandic sea,Gadus morhua,-16.92194114,12.74467237
icelandic sea,Gadus morhua,-16.01739646,12.85507269
icelandic sea,Gadus morhua,-17.11705506,12.79574272
icelandic sea,Gadus morhua,-17.04382721,12.74636195
icelandic sea,Gadus morhua,-15.57916267,12.83474647
icelandic sea,Gadus morhua,-16.13219396,12.67086504
icelandic sea,Gadus morhua,-17.313997,12.78034548
icelandic sea,Gadus morhua,-17.28901527,12.87076856
icelandic sea,Gadus morhua,-17.51297654,12.70343138
icelandic sea,Gadus morhua,-17.07486799,12.98553984
icelandic sea,Gadus morhua,-16.92651791,12.77088152
icelandic sea,Gadus morhua,-17.12162267,12.76848704
icelandic sea,Gadus morhua,-16.85662679,12.86648828
icelandic sea,Gadus morhua,-15.6417243,12.9091763
icelandic sea,Gadus morhua,-16.88118035,12.83661793
icelandic sea,Gadus morhua,-17.21841583,12.77720308
icelandic sea,Gadus morhua,-16.91539033,12.78630984
icelandic sea,Gadus morhua,-16.95120829,12.89994424
icelandic sea,Gadus morhua,-17.1975354,12.80818479
icelandic sea,Gadus morhua,-17.44314935,12.76125775
icelandic sea,Gadus morhua,-17.25564319,13.11564566
icelandic sea,Gadus morhua,-16.8702039,12.79513277
icelandic sea,Gadus morhua,-17.38289949,12.78970483
icelandic sea,Gadus morhua,-16.57609657,13.07647014
icelandic sea,Gadus morhua,-16.25831806,12.59798296
icelandic sea,Gadus morhua,-17.39015938,12.79323363
icelandic sea,Gadus morhua,-17.00422529,12.73862768
icelandic sea,Gadus morhua,-17.01852798,12.82676677
icelandic sea,Gadus morhua,-17.38333333,13.00530462
icelandic sea,Gadus morhua,-17.03380005,12.82377614
icelandic sea,Gadus morhua,-17.21491478,12.80207264
icelandic sea,Gadus morhua,-17.55623558,12.90438017
icelandic sea,Gadus morhua,-17.38333595,12.94353725
icelandic sea,Gadus morhua,-16.4093226,12.67602647
icelandic sea,Gadus morhua,-16.92836007,12.83292359
icelandic sea,Gadus morhua,-16.6100462,12.98092807
icelandic sea,Gadus morhua,-17.62650267,12.8786401
icelandic sea,Gadus morhua,-17.78590708,12.88078428
icelandic sea,Melanogrammus aeglefinus,-16.99349249,13.84162193
icelandic sea,Melanogrammus aeglefinus,-16.80214253,13.80755236
icelandic sea,Melanogrammus aeglefinus,-16.60883459,12.34150587
icelandic sea,Melanogrammus aeglefinus,-16.23692767,14.38738731
icelandic sea,Melanogrammus aeglefinus,-16.38163935,13.19879458
icelandic sea,Melanogrammus aeglefinus,-16.50779471,13.57863606
icelandic sea,Melanogrammus aeglefinus,-16.86385621,12.99407029
icelandic sea,Melanogrammus aeglefinus,-16.86636432,13.26184233
icelandic sea,Melanogrammus aeglefinus,-16.62751949,14.75060232
icelandic sea,Melanogrammus aeglefinus,-16.40539877,13.4899463
icelandic sea,Melanogrammus aeglefinus,-16.35737981,13.54439962
icelandic sea,Melanogrammus aeglefinus,-16.61723489,12.90728031
icelandic sea,Melanogrammus aeglefinus,-16.14443714,13.9024384
icelandic sea,Melanogrammus aeglefinus,-16.53767866,14.17791844
icelandic sea,Melanogrammus aeglefinus,-17.17316516,14.12228342
icelandic sea,Melanogrammus aeglefinus,-16.66658284,13.75788175
icelandic sea,Melanogrammus aeglefinus,-16.5670385,14.37213677
icelandic sea,Melanogrammus aeglefinus,-16.49381399,13.61988658
icelandic sea,Melanogrammus aeglefinus,-16.75474266,12.98879701
icelandic sea,Melanogrammus aeglefinus,-16.73996912,13.41171655
icelandic sea,Melanogrammus aeglefinus,-16.5986866,13.51144098
icelandic sea,Melanogrammus aeglefinus,-16.59129596,13.66542873
icelandic sea,Melanogrammus aeglefinus,-16.93207675,14.89100203
icelandic sea,Melanogrammus aeglefinus,-16.64880716,12.36473289
icelandic sea,Melanogrammus aeglefinus,-16.60264654,13.17336759
icelandic sea,Melanogrammus aeglefinus,-16.49878102,12.1487029
icelandic sea,Melanogrammus aeglefinus,-16.64228188,14.14316108
icelandic sea,Melanogrammus aeglefinus,-17.01416414,12.9452642
icelandic sea,Melanogrammus aeglefinus,-16.71617806,12.72001349
icelandic sea,Melanogrammus aeglefinus,-17.03587001,15.22249578
icelandic sea,Melanogrammus aeglefinus,-16.20514409,13.71212449
icelandic sea,Melanogrammus aeglefinus,-16.76967439,13.58046581
icelandic sea,Melanogrammus aeglefinus,-17.03103678,13.84263671
icelandic sea,Melanogrammus aeglefinus,-16.98801904,14.37730462
icelandic sea,Melanogrammus aeglefinus,-16.82562881,13.10612594
icelandic sea,Melanogrammus aeglefinus,-16.59949587,12.3174797
icelandic sea,Melanogrammus aeglefinus,-16.18305761,12.97993694
icelandic sea,Melanogrammus aeglefinus,-17.11152395,13.71795836
icelandic sea,Melanogrammus aeglefinus,-16.60096037,14.42100843
icelandic sea,Melanogrammus aeglefinus,-16.29764797,13.52794103
icelandic sea,Melanogrammus aeglefinus,-17.11793474,13.40993846
icelandic sea,Melanogrammus aeglefinus,-16.57770202,13.60460511
icelandic sea,Melanogrammus aeglefinus,-16.44648905,13.80315611
icelandic sea,Melanogrammus aeglefinus,-16.52252254,13.08803711
icelandic sea,Melanogrammus aeglefinus,-16.56270732,12.49745338
icelandic sea,Melanogrammus aeglefinus,-16.41244844,13.75199779
icelandic sea,Melanogrammus aeglefinus,-16.59365092,12.10972378
icelandic sea,Melanogrammus aeglefinus,-17.04140282,13.24750186
icelandic sea,Melanogrammus aeglefinus,-16.58859662,14.164906
icelandic sea,Melanogrammus aeglefinus,-16.52411255,13.4956426
